date,JPM,META,NVDA,TSLA
2022-01-03,144.1915740966797,335.5929870605469,30.026147842407227,399.9266662597656
2022-01-04,149.65786743164062,333.6004638671875,29.1977596282959,383.1966552734375
2022-01-05,146.9217987060547,321.3480529785156,27.517066955566406,362.7066650390625
2022-01-06,148.48268127441406,329.5658874511719,28.08926010131836,354.8999938964844
2022-01-07,149.953857421875,328.9017333984375,27.16119384765625,342.32000732421875
2022-01-10,150.09738159179688,325.214111328125,27.313709259033203,352.7066650390625
2022-01-11,150.24993896484375,331.4592590332031,27.729398727416992,354.79998779296875
2022-01-12,151.1020965576172,330.35894775390625,27.910825729370117,368.739990234375
2022-01-13,150.91375732421875,323.637939453125,26.491310119628906,343.85333251953125
2022-01-14,141.63804626464844,329.01080322265625,26.857154846191406,349.8699951171875
2022-01-18,135.69944763183594,315.3804626464844,25.821428298950195,343.5033264160156
2022-01-19,133.600341796875,316.8078918457031,24.98805809020996,331.8833312988281
2022-01-20,132.46104431152344,313.8043212890625,24.07394790649414,332.0899963378906
2022-01-21,130.14659118652344,300.5308532714844,23.300392150878906,314.6333312988281
2022-01-24,130.03001403808594,306.02264404296875,23.29839515686035,310.0
2022-01-25,131.4473419189453,297.5371398925781,22.253698348999023,306.1333312988281
2022-01-26,132.69432067871094,292.06524658203125,22.700288772583008,312.4700012207031
2022-01-27,130.3529052734375,292.07513427734375,21.874895095825195,276.3666687011719
2022-01-28,131.5191192626953,299.0835876464844,22.7680721282959,282.1166687011719
2022-01-31,133.30430603027344,310.53302001953125,24.40888786315918,312.239990234375
2022-02-01,135.59182739257812,316.2230529785156,24.56041145324707,310.4166564941406
2022-02-02,134.50634765625,320.1882629394531,25.16250991821289,301.88665771484375
2022-02-03,133.39402770996094,235.6902618408203,23.872581481933594,297.0466613769531
2022-02-04,136.856689453125,235.02609252929688,24.242416381835938,307.7733459472656
2022-02-07,137.314208984375,222.9521484375,24.650129318237305,302.4466552734375
2022-02-08,139.8977813720703,218.2633056640625,25.0289306640625,307.3333435058594
2022-02-09,140.48086547851562,229.9804229736328,26.620901107788086,310.6666564941406
2022-02-10,139.8977813720703,226.08462524414062,25.74267578125,301.51666259765625
2022-02-11,138.07667541503906,217.63880920410156,23.873579025268555,286.6666564941406
2022-02-14,136.79391479492188,215.8048858642578,24.190574645996094,291.9200134277344
2022-02-15,138.7943572998047,219.076171875,26.411563873291016,307.4766540527344
2022-02-16,139.0455322265625,214.6549835205078,26.42751121520996,307.7966613769531
2022-02-17,135.8429718017578,205.90185546875,24.429821014404297,292.1166687011719
2022-02-18,136.4799041748047,204.36537170410156,23.567546844482422,285.6600036621094
2022-02-22,136.23770141601562,200.32089233398438,23.31633949279785,273.84332275390625
2022-02-23,133.385009765625,196.72247314453125,22.316495895385742,254.67999267578125
2022-02-24,129.67115783691406,205.79281616210938,23.6732120513916,266.92333984375
2022-02-25,132.7391357421875,208.64773559570312,24.080923080444336,269.9566650390625
2022-02-28,127.2042236328125,209.19293212890625,24.308208465576172,290.1433410644531
2022-03-01,122.4049301147461,201.71859741210938,23.40306854248047,288.1233215332031
2022-03-02,124.9436264038086,206.29837036132812,24.147838592529297,293.2966613769531
2022-03-03,124.05549621582031,201.20310974121094,23.643348693847656,279.7633361816406
2022-03-04,120.56593322753906,198.31845092773438,22.8676700592041,279.42999267578125
2022-03-07,115.9101333618164,185.8380584716797,21.288387298583984,268.1933288574219
2022-03-08,115.09381866455078,188.63348388671875,21.449899673461914,274.79998779296875
2022-03-09,119.70475006103516,196.77203369140625,22.945432662963867,286.3233337402344
2022-03-10,118.2873764038086,193.5106964111328,22.590496063232422,279.4333190917969
2022-03-11,115.62308502197266,185.976806640625,22.03415298461914,265.1166687011719
2022-03-14,116.77132415771484,185.00537109375,21.26645278930664,255.4566650390625
2022-03-15,118.84355163574219,190.35833740234375,22.904556274414062,267.2966613769531
2022-03-16,124.15420532226562,201.8573760986328,24.42302131652832,280.07666015625
2022-03-17,125.72406005859375,206.03073120117188,24.692216873168945,290.5333251953125
2022-03-18,125.67920684814453,214.60543823242188,26.37418556213379,301.7966613769531
2022-03-21,125.27554321289062,209.64894104003906,26.654356002807617,307.0533447265625
2022-03-22,127.93983459472656,214.7640838623047,26.444974899291992,331.32666015625
2022-03-23,125.39215087890625,211.60182189941406,25.557628631591797,333.03668212890625
2022-03-24,126.2084732055664,217.6586456298828,28.066131591796875,337.97332763671875
2022-03-25,127.31185913085938,219.8890380859375,27.609495162963867,336.8800048828125
2022-03-28,126.36995697021484,221.6436309814453,28.134923934936523,363.9466552734375
2022-03-29,126.64801025390625,227.8590545654297,28.57062530517578,366.5233459472656
2022-03-30,126.07391357421875,225.8665313720703,27.607501983642578,364.663330078125
2022-03-31,122.288330078125,220.42433166503906,27.2047061920166,359.20001220703125
2022-04-01,121.38227844238281,222.8926544189453,26.632415771484375,361.5299987792969
2022-04-04,121.92049407958984,231.85398864746094,27.278484344482422,381.8166809082031
2022-04-05,120.50166320800781,229.82180786132812,25.853740692138672,363.7533264160156
2022-04-06,118.82977294921875,221.35614013671875,24.334285736083984,348.586669921875
2022-04-07,118.46831512451172,221.00918579101562,24.135875701904297,352.4200134277344
2022-04-08,120.63722229003906,220.3945770263672,23.050119400024414,341.8299865722656
2022-04-11,120.19441223144531,214.57571411132812,21.851707458496094,325.30999755859375
2022-04-12,118.87498474121094,212.27589416503906,21.439929962158203,328.98333740234375
2022-04-13,115.04319763183594,213.1184844970703,22.1368465423584,340.7900085449219
2022-04-14,113.9768295288086,208.35037231445312,21.194664001464844,328.3333435058594
2022-04-18,116.09153747558594,208.9352264404297,21.71809959411621,334.7633361816406
2022-04-19,118.49542999267578,215.41830444335938,22.131860733032227,342.7166748046875
2022-04-20,118.91111755371094,198.67530822753906,21.417997360229492,325.73333740234375
2022-04-21,117.98932647705078,186.43283081054688,20.12287139892578,336.260009765625
2022-04-22,114.60039520263672,182.50729370117188,19.456859588623047,335.01666259765625
2022-04-25,114.5642318725586,185.3622589111328,19.842708587646484,332.67333984375
2022-04-26,111.17530059814453,179.37478637695312,18.732023239135742,292.1400146484375
2022-04-27,109.7293472290039,173.42703247070312,18.360137939453125,293.836669921875
2022-04-28,111.46448516845703,203.93910217285156,19.723060607910156,292.5033264160156
2022-04-29,107.8676986694336,198.7248992919922,18.491744995117188,290.2533264160156
2022-05-02,108.8527603149414,209.29208374023438,19.474803924560547,300.9800109863281
2022-05-03,111.18433380126953,210.18426513671875,19.54360008239746,303.0833435058594
2022-05-04,114.86248016357422,221.4652099609375,20.273418426513672,317.5400085449219
2022-05-05,111.98865509033203,206.4669189453125,18.787857055664062,291.09332275390625
2022-05-06,111.8078842163086,201.9961700439453,18.619359970092773,288.54998779296875
2022-05-09,110.12699127197266,194.50196838378906,16.899499893188477,262.3699951171875
2022-05-10,107.44295501708984,195.92941284179688,17.542577743530273,266.67999267578125
2022-05-11,106.7651596069336,187.09701538085938,16.580453872680664,244.6666717529297
2022-05-12,106.6748046875,189.5752410888672,16.12681007385254,242.6666717529297
2022-05-13,107.62369537353516,196.8909912109375,17.653247833251953,256.5299987792969
2022-05-16,106.87362670898438,198.2986297607422,17.21255874633789,241.4566650390625
2022-05-17,110.41617584228516,200.85617065429688,18.12284278869629,253.8699951171875
2022-05-18,108.52740478515625,190.56655883789062,16.887535095214844,236.60333251953125
2022-05-19,106.91879272460938,189.62477111816406,17.072982788085938,236.47332763671875
2022-05-20,106.04216766357422,191.85520935058594,16.644264221191406,221.3000030517578
2022-05-23,112.6031723022461,194.52178955078125,16.847654342651367,224.96665954589844
2022-05-24,114.19371795654297,179.70193481445312,16.10586929321289,209.3866729736328
2022-05-25,114.9889907836914,182.22975158691406,16.92442512512207,219.60000610351562
2022-05-26,116.97715759277344,189.9618682861328,17.79781723022461,235.91000366210938
2022-05-27,118.63098907470703,193.43138122558594,18.754955291748047,253.2100067138672
2022-05-31,119.49853515625,191.95433044433594,18.61636734008789,252.75332641601562
2022-06-01,117.40190887451172,186.99786376953125,18.26541519165039,246.7899932861328
2022-06-02,119.29068756103516,197.12890625,19.533620834350586,258.3333435058594
2022-06-03,117.62784576416016,189.11924743652344,18.664228439331055,234.51666259765625
2022-06-06,117.2392349243164,192.55902099609375,18.73002815246582,238.27999877929688
2022-06-07,117.54651641845703,193.94683837890625,18.869609832763672,238.8866729736328
2022-06-08,115.67583465576172,194.92822265625,18.596370697021484,241.86666870117188
2022-06-09,113.24481964111328,182.3982391357422,17.998035430908203,239.7066650390625
2022-06-10,108.03942108154297,174.04164123535156,16.927005767822266,232.22999572753906
2022-06-13,104.82218170166016,162.83009338378906,15.603680610656738,215.73666381835938
2022-06-14,103.0780029296875,162.30470275878906,15.792156219482422,220.88999938964844
2022-06-15,104.29801177978516,167.87582397460938,16.481239318847656,233.0
2022-06-16,102.50865936279297,159.46961975097656,15.557809829711914,213.10000610351562
2022-06-17,102.14716339111328,162.3146209716797,15.836034774780273,216.75999450683594
2022-06-21,104.67757415771484,155.68287658691406,16.52013397216797,237.0366668701172
2022-06-22,104.09015655517578,154.49331665039062,16.314706802368164,236.086669921875
2022-06-23,102.95146942138672,157.3680419921875,16.18008041381836,235.07000732421875
2022-06-24,106.02413177490234,168.6787109375,17.078584671020508,245.7066650390625
2022-06-27,105.17461395263672,168.0145721435547,16.822294235229492,244.9199981689453
2022-06-28,104.66853332519531,159.28126525878906,15.937753677368164,232.663330078125
2022-06-29,104.19861602783203,162.5128936767578,15.498969078063965,228.49000549316406
2022-06-30,101.76761627197266,159.84629821777344,15.117032051086426,224.47332763671875
2022-07-01,103.06896209716797,158.6369171142578,14.482791900634766,227.26333618164062
2022-07-05,102.67692565917969,166.72589111328125,14.922571182250977,233.06666564941406
2022-07-06,102.01136016845703,168.29214477539062,15.08811092376709,231.73333740234375
2022-07-07,104.5915298461914,170.69105529785156,15.814095497131348,244.5433349609375
2022-07-08,104.26329040527344,169.39247131347656,15.794150352478027,250.76333618164062
2022-07-11,102.89573669433594,161.46209716796875,15.110051155090332,234.3433380126953
2022-07-12,102.99601745605469,161.84873962402344,15.040244102478027,233.07000732421875
2022-07-13,102.02960968017578,162.0668182373047,15.122015953063965,237.0399932861328
2022-07-14,98.4648208618164,156.6741485595703,15.32944107055664,238.31333923339844
2022-07-15,102.977783203125,163.26626586914062,15.718361854553223,240.06666564941406
2022-07-18,101.92019653320312,165.7742156982422,16.05642318725586,240.54666137695312
2022-07-19,104.44562530517578,174.2498016357422,16.944955825805664,245.52999877929688
2022-07-20,104.42742156982422,181.4961700439453,17.757699966430664,247.5
2022-07-21,105.13854217529297,181.5755157470703,18.00002670288086,271.7066650390625
2022-07-22,104.62798309326172,167.79649353027344,17.27105140686035,272.24334716796875
2022-07-25,105.0473861694336,165.19927978515625,16.97686767578125,268.4333190917969
2022-07-26,103.40628051757812,157.76455688476562,16.487224578857422,258.8599853515625
2022-07-27,105.06561279296875,168.10377502441406,17.740747451782227,274.82000732421875
2022-07-28,104.67357635498047,159.32090759277344,17.93421173095703,280.8999938964844
2022-07-29,105.1750259399414,157.7150115966797,18.11271858215332,297.1499938964844
2022-08-01,104.12654876708984,158.5377960205078,18.389949798583984,297.27667236328125
2022-08-02,102.50370025634766,158.7955322265625,18.474708557128906,300.586669921875
2022-08-03,103.57952117919922,167.33059692382812,18.84069061279297,307.39666748046875
2022-08-04,102.43988800048828,169.0851593017578,19.161800384521484,308.6333312988281
2022-08-05,105.53971862792969,165.65528869628906,18.936426162719727,288.1700134277344
2022-08-08,104.25418090820312,168.76797485351562,17.74374008178711,290.42333984375
2022-08-09,105.1932601928711,167.06289672851562,17.038694381713867,283.3333435058594
2022-08-10,107.93750762939453,176.7875518798828,18.046897888183594,294.3566589355469
2022-08-11,109.53299713134766,175.9449462890625,17.892324447631836,286.6300048828125
2022-08-12,111.34729766845703,178.9287109375,18.657203674316406,300.0299987792969
2022-08-15,111.64814758300781,179.31533813476562,18.979307174682617,309.32000732421875
2022-08-16,112.71484375,177.90768432617188,18.826730728149414,306.5633239746094
2022-08-17,111.76667785644531,173.3279266357422,18.28423500061035,303.9966735839844
2022-08-18,110.90055847167969,173.1395721435547,18.72102928161621,302.8699951171875
2022-08-19,108.15629577636719,166.4978790283203,17.79958724975586,296.6666564941406
2022-08-22,106.36935424804688,161.63064575195312,16.98684310913086,289.913330078125
2022-08-23,105.32086944580078,159.70750427246094,17.133434295654297,296.4533386230469
2022-08-24,105.576171875,161.83877563476562,17.17431640625,297.0966796875
2022-08-25,108.0833740234375,167.3107452392578,17.863407135009766,296.07000732421875
2022-08-26,104.54592895507812,160.3717041015625,16.214984893798828,288.0899963378906
2022-08-29,104.29065704345703,157.78439331054688,15.757251739501953,284.82000732421875
2022-08-30,104.30889129638672,155.7919158935547,15.425174713134766,277.70001220703125
2022-08-31,103.68891143798828,161.51170349121094,15.05221176147461,275.6099853515625
2022-09-01,104.40005493164062,163.92054748535156,13.898414611816406,277.1600036621094
2022-09-02,103.67070007324219,158.92440795898438,13.609217643737793,270.2099914550781
2022-09-06,103.69803619384766,157.15988159179688,13.427721977233887,274.4200134277344
2022-09-07,105.66734313964844,158.99380493164062,13.680095672607422,283.70001220703125
2022-09-08,108.12896728515625,160.64926147460938,13.955411911010742,289.260009765625
2022-09-09,108.64862823486328,167.67750549316406,14.351431846618652,299.67999267578125
2022-09-12,109.93415069580078,167.48916625976562,14.469138145446777,304.4200134277344
2022-09-13,106.11408233642578,151.7969970703125,13.098535537719727,292.1300048828125
2022-09-14,105.86791229248047,150.15145874023438,13.095544815063477,302.6099853515625
2022-09-15,107.46340942382812,148.2481231689453,12.8970365524292,303.75
2022-09-16,106.74315643310547,145.01654052734375,13.16537094116211,303.3500061035156
2022-09-19,107.72779846191406,146.7314910888672,13.348916053771973,309.07000732421875
2022-09-20,105.603515625,144.8182830810547,13.143424987792969,308.7300109863281
2022-09-21,102.55840301513672,140.88284301757812,13.228216171264648,300.79998779296875
2022-09-22,101.39139556884766,141.57675170898438,12.529946327209473,288.5899963378906
2022-09-23,99.50416564941406,139.18771362304688,12.485054969787598,275.3299865722656
2022-09-26,97.36164855957031,135.18287658691406,12.197768211364746,276.010009765625
2022-09-27,96.50464630126953,133.23004150390625,12.382309913635254,282.94000244140625
2022-09-28,98.45569610595703,140.3772735595703,12.704513549804688,287.80999755859375
2022-09-29,96.78726196289062,135.22254943847656,12.189791679382324,268.2099914550781
2022-09-30,95.2738265991211,134.49887084960938,12.108988761901855,265.25
2022-10-03,98.21865844726562,137.4033966064453,12.481069564819336,242.39999389648438
2022-10-04,102.81368255615234,139.05885314941406,13.13444709777832,249.44000244140625
2022-10-05,101.54425811767578,137.77015686035156,13.17634391784668,240.80999755859375
2022-10-06,99.47456359863281,137.85940551757812,13.097539901733398,238.1300048828125
2022-10-07,97.48763275146484,132.2882843017578,12.04614543914795,223.07000732421875
2022-10-10,96.57696533203125,132.62533569335938,11.641149520874023,222.9600067138672
2022-10-11,93.78977966308594,127.42103576660156,11.557358741760254,216.5
2022-10-12,95.30754852294922,126.39008331298828,11.471569061279297,217.24000549316406
2022-10-13,100.60600280761719,129.15582275390625,11.930431365966797,221.72000122070312
2022-10-14,102.28015899658203,125.65653228759766,11.199246406555176,204.99000549316406
2022-10-17,106.5759506225586,132.87315368652344,11.858610153198242,219.35000610351562
2022-10-18,109.317138671875,131.64395141601562,11.937413215637207,220.19000244140625
2022-10-19,107.1738510131836,132.07020568847656,12.021207809448242,222.0399932861328
2022-10-20,106.82429504394531,130.385009765625,12.163851737976074,207.27999877929688
2022-10-21,112.43550872802734,128.8782501220703,12.4351806640625,214.44000244140625
2022-10-24,112.573486328125,128.59078979492188,12.567852973937988,211.25
2022-10-25,112.86782836914062,136.31295776367188,13.228216171264648,222.4199981689453
2022-10-26,114.16484832763672,128.6898956298828,12.864117622375488,224.63999938964844
2022-10-27,114.6156005859375,97.08741760253906,13.143424987792969,225.08999633789062
2022-10-28,115.97699737548828,98.33645629882812,13.799798965454102,228.52000427246094
2022-10-31,115.79299926757812,92.34902954101562,13.463632583618164,227.5399932861328
2022-11-01,117.88111877441406,94.37126922607422,13.509519577026367,227.82000732421875
2022-11-02,116.7956771850586,89.75183868408203,13.186318397521973,214.97999572753906
2022-11-03,117.00724792480469,88.13601684570312,13.38782024383545,215.30999755859375
2022-11-04,120.2083740234375,89.99967193603516,14.121004104614258,207.47000122070312
2022-11-07,120.84308624267578,95.8780517578125,14.265642166137695,197.0800018310547
2022-11-08,120.91669464111328,95.63021850585938,14.565898895263672,191.3000030517578
2022-11-09,119.34371185302734,100.5866928100586,13.741942405700684,177.58999633789062
2022-11-10,124.2558364868164,110.89615631103516,15.711061477661133,190.72000122070312
2022-11-11,124.45819854736328,112.03614807128906,16.28663444519043,195.97000122070312
2022-11-14,123.17955780029297,113.2257080078125,16.25471305847168,190.9499969482422
2022-11-15,122.28730010986328,116.06080627441406,16.624797821044922,194.4199981689453
2022-11-16,122.45288848876953,112.24432373046875,15.87066650390625,186.9199981689453
2022-11-17,121.91931915283203,110.47981262207031,15.638242721557617,183.1699981689453
2022-11-18,123.11518096923828,111.07460021972656,15.370906829833984,180.19000244140625
2022-11-21,122.38847351074219,108.90364837646484,15.279130935668945,167.8699951171875
2022-11-22,124.21903228759766,110.46990966796875,15.998350143432617,169.91000366210938
2022-11-23,125.54363250732422,111.262939453125,16.47816276550293,183.1999969482422
2022-11-25,125.78279876708984,110.44017028808594,16.229778289794922,182.86000061035156
2022-11-28,123.5843276977539,107.83305358886719,15.787872314453125,182.9199981689453
2022-11-29,125.6172103881836,108.50713348388672,15.600335121154785,180.8300018310547
2022-11-30,127.10740661621094,117.07191467285156,16.885478973388672,194.6999969482422
2022-12-01,125.32286834716797,119.39155578613281,17.097013473510742,194.6999969482422
2022-12-02,124.32939910888672,122.41500091552734,16.838586807250977,194.86000061035156
2022-12-05,120.84308624267578,121.3642349243164,16.57317352294922,182.4499969482422
2022-12-06,121.04548645019531,113.12657928466797,15.951556205749512,179.82000732421875
2022-12-07,120.96269226074219,112.938232421875,16.084259033203125,174.0399932861328
2022-12-08,122.23211669921875,114.32603454589844,17.130939483642578,173.44000244140625
2022-12-09,121.56981658935547,114.89107513427734,16.96330451965332,179.0500030517578
2022-12-12,123.4555435180664,113.71143341064453,17.496124267578125,167.82000732421875
2022-12-13,123.33595275878906,119.10408020019531,18.031932830810547,160.9499969482422
2022-12-14,122.71966552734375,120.53153991699219,17.634817123413086,156.8000030517578
2022-12-15,119.67487335205078,115.138916015625,16.914417266845703,157.6699981689453
2022-12-16,118.92977142333984,118.39034271240234,16.53426170349121,150.22999572753906
2022-12-19,119.63807678222656,113.48344421386719,16.21796417236328,149.8699951171875
2022-12-20,120.21757507324219,116.07071685791016,16.04933738708496,137.8000030517578
2022-12-21,121.56981658935547,118.71747589111328,16.46441650390625,137.57000732421875
2022-12-22,120.19000244140625,116.10045623779297,15.30499267578125,125.3499984741211
2022-12-23,120.76033020019531,117.012451171875,15.172287940979004,123.1500015258789
2022-12-27,121.1834487915039,115.862548828125,14.089693069458008,109.0999984741211
2022-12-28,121.84575653076172,114.61351776123047,14.004883766174316,112.70999908447266
2022-12-29,122.54485321044922,119.213134765625,14.570623397827148,121.81999969482422
2022-12-30,123.35433959960938,119.29243469238281,14.581599235534668,123.18000030517578
2023-01-03,124.2925796508789,123.65411376953125,14.2832612991333,108.0999984741211
2023-01-04,125.45165252685547,126.26123809814453,14.716300010681152,113.63999938964844
2023-01-05,125.42383575439453,125.83496856689453,14.23337459564209,110.33999633789062
2023-01-06,127.82390594482422,128.88815307617188,14.826056480407715,113.05999755859375
2023-01-09,127.2956771850586,128.3429412841797,15.593353271484375,119.7699966430664
2023-01-10,128.43551635742188,131.83230590820312,15.873729705810547,118.8499984741211
2023-01-11,129.3899688720703,131.73316955566406,15.96552562713623,123.22000122070312
2023-01-12,129.26026916503906,135.5199432373047,16.474393844604492,123.55999755859375
2023-01-13,132.52206420898438,135.78756713867188,16.861534118652344,122.4000015258789
2023-01-17,130.47413635253906,134.1816864013672,17.66275405883789,131.49000549316406
2023-01-18,126.55438995361328,131.86203002929688,17.338476181030273,128.77999877929688
2023-01-19,124.86784362792969,134.96481323242188,16.727825164794922,127.16999816894531
2023-01-20,125.17366790771484,138.15676879882812,17.79945182800293,133.4199981689453
2023-01-23,127.20304107666016,142.0228271484375,19.15045166015625,143.75
2023-01-24,128.2965087890625,141.89393615722656,19.2222900390625,143.88999938964844
2023-01-25,128.9173583984375,140.2682342529297,19.280160903930664,144.42999267578125
2023-01-26,129.71429443359375,146.01776123046875,19.758100509643555,160.27000427246094
2023-01-27,130.02940368652344,150.41908264160156,20.319849014282227,177.89999389648438
2023-01-30,128.9266357421875,145.77980041503906,19.119518280029297,166.66000366210938
2023-01-31,129.69577026367188,147.67320251464844,19.49368667602539,173.22000122070312
2023-02-01,129.35289001464844,151.78707885742188,20.89657211303711,181.41000366210938
2023-02-02,128.75057983398438,187.1267547607422,21.66086769104004,188.27000427246094
2023-02-03,130.74288940429688,184.90621948242188,21.0532169342041,189.97999572753906
2023-02-06,131.5120086669922,184.44032287597656,21.042245864868164,194.75999450683594
2023-02-07,133.11512756347656,189.951904296875,22.123842239379883,196.80999755859375
2023-02-08,132.17919921875,181.83322143554688,22.155771255493164,201.2899932861328
2023-02-09,130.1220245361328,176.37120056152344,22.2874755859375,207.32000732421875
2023-02-10,130.69654846191406,172.63400268554688,21.21785545349121,196.88999938964844
2023-02-13,132.11434936523438,177.86802673339844,21.739694595336914,194.63999938964844
2023-02-14,132.6981201171875,177.9176025390625,22.920072555541992,209.25
2023-02-15,133.254150390625,175.61781311035156,22.713529586791992,214.24000549316406
2023-02-16,131.41937255859375,170.93887329101562,21.95322036743164,202.0399932861328
2023-02-17,131.80853271484375,171.3750762939453,21.340585708618164,208.30999755859375
2023-02-21,129.3899688720703,170.58203125,20.609207153320312,197.3699951171875
2023-02-22,128.39840698242188,169.63035583496094,20.70798683166504,200.86000061035156
2023-02-23,129.42701721191406,170.54237365722656,23.61153221130371,202.07000732421875
2023-02-24,130.59458923339844,168.90675354003906,23.234373092651367,196.8800048828125
2023-02-27,131.7344207763672,168.0641326904297,23.448898315429688,207.6300048828125
2023-02-28,132.83717346191406,173.41712951660156,23.16452980041504,205.7100067138672
2023-03-01,132.09580993652344,171.9103546142578,22.647676467895508,202.77000427246094
2023-03-02,130.72438049316406,173.0106964111328,23.262313842773438,190.89999389648438
2023-03-03,133.1244354248047,183.6373748779297,23.837032318115234,197.7899932861328
2023-03-06,132.3459930419922,183.29042053222656,23.50177764892578,193.80999755859375
2023-03-07,128.45404052734375,182.90379333496094,23.24031639099121,187.7100067138672
2023-03-08,127.69418334960938,183.35980224609375,24.131486892700195,182.0
2023-03-09,120.78125,180.10838317871094,23.388011932373047,172.9199981689453
2023-03-10,123.84849548339844,177.9473419189453,22.917978286743164,173.44000244140625
2023-03-13,121.62451171875,179.3252410888672,22.918975830078125,174.47999572753906
2023-03-14,124.74738311767578,192.33102416992188,24.013731002807617,183.25999450683594
2023-03-15,118.85379028320312,196.028564453125,24.17839241027832,180.4499969482422
2023-03-16,121.16118621826172,203.14605712890625,25.488704681396484,184.1300048828125
2023-03-17,116.58346557617188,193.9071807861328,25.672325134277344,180.1300048828125
2023-03-20,117.8159408569336,196.08804321289062,25.84696388244629,183.25
2023-03-21,120.97583770751953,200.40017700195312,26.145355224609375,197.5800018310547
2023-03-22,117.85301208496094,198.0706329345703,26.413803100585938,191.14999389648438
2023-03-23,117.5379409790039,202.501708984375,27.135326385498047,192.22000122070312
2023-03-24,115.74949645996094,204.21665954589844,26.724170684814453,190.41000366210938
2023-03-27,119.06692504882812,201.07423400878906,26.47667694091797,191.80999755859375
2023-03-28,119.42833709716797,198.9330596923828,26.355924606323242,189.19000244140625
2023-03-29,119.66925811767578,203.5624237060547,26.928747177124023,193.8800048828125
2023-03-30,119.30786895751953,206.03073120117188,27.326929092407227,195.27999877929688
2023-03-31,120.75347137451172,210.0950469970703,27.720123291015625,207.4600067138672
2023-04-03,120.61445617675781,211.21522521972656,27.907737731933594,194.77000427246094
2023-04-04,119.0020751953125,212.85086059570312,27.39678955078125,192.5800018310547
2023-04-05,119.17951202392578,209.6390380859375,26.82596206665039,185.52000427246094
2023-04-06,119.04875946044922,214.21884155273438,26.98164176940918,185.05999755859375
2023-04-10,119.44100952148438,212.8805694580078,27.522531509399414,184.50999450683594
2023-04-11,120.02938842773438,211.9884033203125,27.113370895385742,186.7899932861328
2023-04-12,120.01071166992188,212.13710021972656,26.440750122070312,180.5399932861328
2023-04-13,120.46834564208984,218.43185424804688,26.408815383911133,185.89999389648438
2023-04-14,129.56488037109375,219.5618896484375,26.703210830688477,185.0
2023-04-17,130.5922088623047,216.95480346679688,26.94671058654785,187.0399932861328
2023-04-18,132.05848693847656,215.9932403564453,27.610349655151367,184.30999755859375
2023-04-19,131.89035034179688,213.82228088378906,27.873809814453125,180.58999633789062
2023-04-20,131.5074462890625,211.21522521972656,27.048500061035156,162.99000549316406
2023-04-21,131.2552947998047,211.03677368164062,27.063472747802734,165.0800018310547
2023-04-24,131.4327850341797,210.93763732910156,26.986629486083984,162.5500030517578
2023-04-25,128.57489013671875,205.74325561523438,26.187265396118164,160.6699981689453
2023-04-26,126.29608917236328,207.57713317871094,26.900802612304688,153.75
2023-04-27,127.995849609375,236.48329162597656,27.170251846313477,160.19000244140625
2023-04-28,129.1072235107422,238.2279815673828,27.69217872619629,164.30999755859375
2023-05-01,131.8717041015625,241.06307983398438,28.85080337524414,161.8300018310547
2023-05-02,129.74232482910156,237.15737915039062,28.152238845825195,160.30999755859375
2023-05-03,126.99654388427734,234.96664428710938,27.745075225830078,160.61000061035156
2023-05-04,125.2594223022461,231.48716735839844,27.505563735961914,161.1999969482422
2023-05-05,127.70634460449219,230.7536163330078,28.62127685546875,170.05999755859375
2023-05-08,128.01455688476562,231.23934936523438,29.091306686401367,171.7899932861328
2023-05-09,127.39816284179688,231.3385009765625,28.512496948242188,169.14999389648438
2023-05-10,127.46350860595703,231.05099487304688,28.82586097717285,168.5399932861328
2023-05-11,127.06195068359375,233.73741149902344,28.519481658935547,172.0800018310547
2023-05-12,125.2407455444336,231.774658203125,28.281970977783203,167.97999572753906
2023-05-15,126.29608917236328,236.7806854248047,28.893714904785156,166.35000610351562
2023-05-16,125.44622039794922,236.74105834960938,29.153182983398438,166.52000427246094
2023-05-17,129.30337524414062,240.37913513183594,30.116207122802734,173.86000061035156
2023-05-18,130.28402709960938,244.70114135742188,31.613136291503906,176.88999938964844
2023-05-19,129.98513793945312,243.50167846679688,31.199987411499023,180.13999938964844
2023-05-22,128.91114807128906,246.15835571289062,31.112163543701172,188.8699951171875
2023-05-23,127.56623840332031,244.59210205078125,30.62516212463379,185.77000427246094
2023-05-24,126.3988265991211,247.04058837890625,30.47547149658203,182.89999389648438
2023-05-25,126.70702362060547,250.4903106689453,37.902244567871094,184.47000122070312
2023-05-26,127.89312744140625,259.7589416503906,38.86624526977539,193.1699981689453
2023-05-30,128.37876892089844,260.2347106933594,40.028865814208984,201.16000366210938
2023-05-31,126.7444076538086,262.4156188964844,37.75652313232422,203.92999267578125
2023-06-01,128.4908447265625,270.23687744140625,39.68856430053711,207.52000427246094
2023-06-02,131.18994140625,270.23687744140625,39.246482849121094,213.97000122070312
2023-06-05,129.90109252929688,269.0275573730469,39.09078598022461,217.61000061035156
2023-06-06,130.1345672607422,268.7597961425781,38.574851989746094,221.30999755859375
2023-06-07,131.3953857421875,261.3053283691406,37.402137756347656,224.57000732421875
2023-06-08,131.4327850341797,262.27679443359375,38.435123443603516,234.86000061035156
2023-06-09,131.6942596435547,262.6435852050781,38.69462203979492,244.39999389648438
2023-06-12,131.6848907470703,268.6904296875,39.40523147583008,249.8300018310547
2023-06-13,132.63754272460938,268.9581298828125,40.942237854003906,258.7099914550781
2023-06-14,132.14254760742188,270.970458984375,42.91339874267578,256.7900085449219
2023-06-15,133.63682556152344,279.3766174316406,42.570068359375,255.89999389648438
2023-06-16,133.7955780029297,278.5538024902344,42.60898971557617,260.5400085449219
2023-06-20,133.1138458251953,281.85491943359375,43.72282791137695,274.45001220703125
2023-06-21,132.917724609375,279.1883544921875,42.9613037109375,259.4599914550781
2023-06-22,130.35873413085938,282.4000244140625,42.94134521484375,264.6099853515625
2023-06-23,129.67697143554688,286.21661376953125,42.12693405151367,256.6000061035156
2023-06-26,129.9945068359375,276.0459289550781,40.55299758911133,241.0500030517578
2023-06-27,130.00381469726562,284.5511779785156,41.794586181640625,250.2100067138672
2023-06-28,129.43411254882812,282.8065490722656,41.037052154541016,256.239990234375
2023-06-29,133.95437622070312,279.0792541503906,40.74263000488281,257.5
2023-06-30,135.8315887451172,284.4818420410156,42.219757080078125,261.7699890136719
2023-07-03,136.92428588867188,283.5301513671875,42.33053207397461,279.82000732421875
2023-07-05,136.0121612548828,291.8074645996094,42.23472595214844,282.4800109863281
2023-07-06,134.66746520996094,289.44818115234375,42.02113723754883,276.5400085449219
2023-07-07,135.73001098632812,288.0008850097656,42.42035675048828,274.42999267578125
2023-07-10,136.49169921875,291.53985595703125,42.097991943359375,269.6099853515625
2023-07-11,138.6262969970703,295.6933898925781,42.322547912597656,269.7900085449219
2023-07-12,139.31277465820312,306.6471252441406,43.81663513183594,271.989990234375
2023-07-13,139.98983764648438,310.6817321777344,45.88760757446289,277.8999938964844
2023-07-14,140.8361358642578,306.18121337890625,45.38059616088867,281.3800048828125
2023-07-17,144.2307891845703,307.916015625,46.370662689208984,290.3800048828125
2023-07-18,144.49411010742188,309.33355712890625,47.40165328979492,293.3399963378906
2023-07-19,145.04891967773438,313.2591552734375,46.98546600341797,291.260009765625
2023-07-20,146.83555603027344,299.886474609375,45.431495666503906,262.8999938964844
2023-07-21,145.7071533203125,291.6984558105469,44.22285079956055,260.0199890136719
2023-07-24,148.57522583007812,289.0714416503906,44.5252571105957,269.05999755859375
2023-07-25,147.4656219482422,291.9065856933594,45.59018325805664,265.2799987792969
2023-07-26,148.34954833984375,295.9709167480469,45.363624572753906,264.3500061035156
2023-07-27,146.7133331298828,308.9965515136719,45.81075668334961,255.7100067138672
2023-07-28,147.5502471923828,322.6466979980469,46.65910339355469,266.44000244140625
2023-07-31,148.53762817382812,315.8265380859375,46.638145446777344,267.42999267578125
2023-08-01,147.80410766601562,319.9007263183594,46.41658020019531,261.07000732421875
2023-08-02,146.1302947998047,311.5738830566406,44.182926177978516,254.11000061035156
2023-08-03,147.02365112304688,310.4635925292969,44.428443908691406,259.32000732421875
2023-08-04,146.7133331298828,308.02508544921875,44.59313201904297,253.86000061035156
2023-08-07,147.4091796875,313.8043212890625,45.328697204589844,251.4499969482422
2023-08-08,146.58164978027344,309.91845703125,44.57715606689453,249.6999969482422
2023-08-09,144.61634826660156,302.5531005859375,42.471256256103516,242.19000244140625
2023-08-10,144.40003967285156,303.07855224609375,42.30558776855469,245.33999633789062
2023-08-11,145.23696899414062,299.01422119140625,40.77555847167969,242.64999389648438
2023-08-14,145.53787231445312,303.5245666503906,43.66793441772461,239.75999450683594
2023-08-15,141.8328857421875,299.321533203125,43.85456085205078,232.9600067138672
2023-08-16,141.2311248779297,291.72821044921875,43.40144348144531,225.60000610351562
2023-08-17,139.76416015625,282.6082763671875,43.25972366333008,219.22000122070312
2023-08-18,140.0838623046875,280.78424072265625,43.214813232421875,215.49000549316406
2023-08-21,140.5634307861328,287.3763732910156,46.87568664550781,231.27999877929688
2023-08-22,137.64834594726562,285.0964660644531,45.57920455932617,233.19000244140625
2023-08-23,138.5792694091797,291.6785888671875,47.024391174316406,236.86000061035156
2023-08-24,138.44764709472656,284.2537841796875,47.07129669189453,230.0399932861328
2023-08-25,138.2783966064453,283.0146484375,45.92852783203125,238.58999633789062
2023-08-28,138.75796508789062,287.7332763671875,46.74394226074219,238.82000732421875
2023-08-29,139.88636779785156,295.39599609375,48.689151763916016,257.17999267578125
2023-08-30,139.32215881347656,292.5311279296875,49.168212890625,256.8999938964844
2023-08-31,137.60133361816406,293.3142395019531,49.2590446472168,258.0799865722656
2023-09-01,138.06210327148438,293.7999572753906,48.414676666259766,245.00999450683594
2023-09-05,136.5387420654297,297.5371398925781,48.453609466552734,256.489990234375
2023-09-06,136.3130645751953,296.5657043457031,46.97336959838867,251.9199981689453
2023-09-07,135.1470489501953,296.0700988769531,46.1548957824707,251.49000549316406
2023-09-08,135.25047302246094,295.29681396484375,45.48714828491211,248.5
2023-09-11,135.84288024902344,304.8826599121094,45.09387969970703,273.5799865722656
2023-09-12,137.61073303222656,299.0340270996094,44.78644561767578,267.4800109863281
2023-09-13,137.67657470703125,302.4044494628906,45.400299072265625,271.29998779296875
2023-09-14,140.34715270996094,309.00640869140625,45.496124267578125,276.0400085449219
2023-09-15,139.93338012695312,297.69580078125,43.8182487487793,274.3900146484375
2023-09-18,140.2248992919922,299.9162292480469,43.884132385253906,265.2799987792969
2023-09-19,140.04624938964844,302.414306640625,43.438968658447266,266.5
2023-09-20,139.45382690429688,297.0613708496094,42.160343170166016,262.5899963378906
2023-09-21,138.36300659179688,293.1556396484375,40.94062042236328,255.6999969482422
2023-09-22,137.03712463378906,296.4764709472656,41.53252029418945,244.8800048828125
2023-09-25,137.71417236328125,298.2112121582031,42.14338302612305,246.99000549316406
2023-09-26,136.28485107421875,296.3574523925781,41.83295440673828,244.1199951171875
2023-09-27,137.08413696289062,295.1481018066406,42.388912200927734,240.5
2023-09-28,138.78616333007812,301.3139953613281,43.00876998901367,246.3800048828125
2023-09-29,136.3694610595703,297.5966491699219,43.41799545288086,250.22000122070312
2023-10-02,135.1940460205078,304.1491394042969,44.698612213134766,251.60000610351562
2023-10-03,134.197265625,298.3202819824219,43.435970306396484,246.52999877929688
2023-10-04,134.79910278320312,302.919921875,43.958988189697266,261.1600036621094
2023-10-05,135.3674774169922,302.1368103027344,44.604793548583984,260.04998779296875
2023-10-06,137.45150756835938,312.68414306640625,45.676780700683594,260.5299987792969
2023-10-09,137.138916015625,315.588623046875,45.18869400024414,259.6700134277344
2023-10-10,137.97251892089844,319.0382995605469,45.71272659301758,263.6199951171875
2023-10-11,138.4461669921875,324.9662780761719,46.71883773803711,262.989990234375
2023-10-12,138.1240692138672,321.3381652832031,46.857582092285156,258.8699951171875
2023-10-13,140.19862365722656,311.95062255859375,45.376346588134766,251.1199951171875
2023-10-16,140.05654907226562,318.3543395996094,46.00916290283203,253.9199981689453
2023-10-17,139.75343322753906,321.1795349121094,43.85618209838867,254.85000610351562
2023-10-18,138.2187957763672,314.2107238769531,42.11742401123047,242.67999267578125
2023-10-19,137.63148498535156,310.08697509765625,42.02260971069336,220.11000061035156
2023-10-20,135.4148406982422,305.96319580078125,41.309932708740234,211.99000549316406
2023-10-23,133.56761169433594,311.2765197753906,42.89497756958008,212.0800018310547
2023-10-24,133.72866821289062,309.8292236328125,43.581695556640625,216.52000427246094
2023-10-25,132.99923706054688,296.9225769042969,41.701202392578125,212.4199981689453
2023-10-26,133.3402557373047,285.8398742675781,40.250911712646484,205.75999450683594
2023-10-27,128.53753662109375,294.1468811035156,40.42458724975586,207.3000030517578
2023-10-30,130.1763458251953,300.0252685546875,41.0843505859375,197.36000061035156
2023-10-31,131.7298583984375,298.6473388671875,40.70405960083008,200.83999633789062
2023-11-01,131.6162109375,309.1353454589844,42.246185302734375,205.66000366210938
2023-11-02,133.9654998779297,308.16387939453125,43.42498779296875,218.50999450683594
2023-11-03,135.46218872070312,311.8614196777344,44.921199798583984,219.9600067138672
2023-11-06,136.48529052734375,313.0509033203125,45.665809631347656,219.27000427246094
2023-11-07,136.41893005371094,316.0446472167969,45.86943054199219,222.17999267578125
2023-11-08,137.0915069580078,316.9963073730469,46.487274169921875,222.11000061035156
2023-11-09,136.68418884277344,317.759521484375,46.86257553100586,209.97999572753906
2023-11-10,138.71141052246094,325.90802001953125,48.2449951171875,214.64999389648438
2023-11-13,138.0956573486328,326.3243713378906,48.52946090698242,223.7100067138672
2023-11-14,140.61546325683594,333.38238525390625,49.563533782958984,237.41000366210938
2023-11-15,141.846923828125,329.813720703125,48.796966552734375,242.83999633789062
2023-11-16,143.466796875,331.2807922363281,49.38786315917969,233.58999633789062
2023-11-17,144.7645721435547,332.12347412109375,49.206207275390625,234.3000030517578
2023-11-20,145.20977783203125,337.0105285644531,50.31513595581055,235.60000610351562
2023-11-21,144.9066619873047,334.04656982421875,49.85100555419922,241.1999969482422
2023-11-22,145.2476806640625,338.51727294921875,48.625282287597656,234.2100067138672
2023-11-24,145.4466094970703,335.28564453125,47.687034606933594,235.4499969482422
2023-11-27,145.11508178710938,331.786376953125,48.15217208862305,236.0800018310547
2023-11-28,145.4466094970703,336.0390625,47.73195266723633,246.72000122070312
2023-11-29,146.1855010986328,329.3081359863281,48.050357818603516,244.13999938964844
2023-11-30,147.8527069091797,324.3021240234375,46.68291091918945,240.0800018310547
2023-12-01,148.57264709472656,321.9924011230469,46.67791748046875,238.8300018310547
2023-12-04,149.6620330810547,317.23419189453125,45.425254821777344,235.5800018310547
2023-12-05,149.64309692382812,315.519287109375,46.48337173461914,238.72000122070312
2023-12-06,148.07061767578125,314.68658447265625,45.422264099121094,239.3699951171875
2023-12-07,148.52528381347656,323.7469482421875,46.51332092285156,242.63999938964844
2023-12-08,150.16409301757812,329.85333251953125,47.42171096801758,243.83999633789062
2023-12-11,150.71356201171875,322.4483947753906,46.54426956176758,239.74000549316406
2023-12-12,152.0587158203125,331.3105773925781,47.572444915771484,237.00999450683594
2023-12-13,152.57020568847656,331.82598876953125,48.00267028808594,239.2899932861328
2023-12-14,155.34576416015625,330.26971435546875,48.26420593261719,251.0500030517578
2023-12-15,156.52041625976562,332.00445556640625,48.80324935913086,253.5
2023-12-18,157.46771240234375,341.6200256347656,49.98815155029297,252.0800018310547
2023-12-19,159.57066345214844,347.31005859375,49.51598358154297,257.2200012207031
2023-12-20,157.7708282470703,346.2394714355469,48.025638580322266,247.13999938964844
2023-12-21,158.67076110839844,351.0075988769531,48.903076171875,254.5
2023-12-22,158.57601928710938,350.31365966796875,48.743350982666016,252.5399932861328
2023-12-26,159.51385498046875,351.74114990234375,49.191566467285156,256.6099853515625
2023-12-27,160.47059631347656,354.715087890625,49.32931900024414,261.44000244140625
2023-12-28,161.32318115234375,355.2008361816406,49.43413543701172,253.17999267578125
2023-12-29,161.13372802734375,350.878662109375,49.43413543701172,248.47999572753906
2024-01-02,163.0093231201172,343.2755432128906,48.0825309753418,248.4199981689453
2024-01-03,162.29888916015625,341.4713439941406,47.48460006713867,238.4499969482422
2024-01-04,163.3759307861328,344.0982666015625,47.91283416748047,237.92999267578125
2024-01-05,164.19561767578125,348.88623046875,49.009883880615234,237.49000549316406
2024-01-08,163.9573211669922,355.5378112792969,52.160282135009766,240.4499969482422
2024-01-09,162.66107177734375,354.3185729980469,53.04570770263672,234.9600067138672
2024-01-10,163.00418090820312,367.2449951171875,54.253562927246094,233.94000244140625
2024-01-11,162.31796264648438,366.4520263671875,54.724727630615234,227.22000122070312
2024-01-12,161.12652587890625,371.2300720214844,54.6129264831543,218.88999938964844
2024-01-16,160.11619567871094,364.26123046875,56.28196334838867,219.91000366210938
2024-01-17,159.25839233398438,365.16326904296875,55.953548431396484,215.5500030517578
2024-01-18,159.57293701171875,372.8557434082031,57.005672454833984,211.8800048828125
2024-01-19,162.32745361328125,380.11199951171875,59.38544464111328,212.19000244140625
2024-01-22,162.13685607910156,378.45654296875,59.54815673828125,208.8000030517578
2024-01-23,161.0693359375,381.8468017578125,59.76676559448242,209.13999938964844
2024-01-24,162.50857543945312,387.2989196777344,61.25312423706055,207.8300018310547
2024-01-25,164.83419799804688,389.75732421875,61.50767135620117,182.6300048828125
2024-01-26,164.2051239013672,390.70904541015625,60.92270278930664,183.25
2024-01-29,164.634033203125,397.529052734375,62.35416030883789,190.92999267578125
2024-01-30,168.0081329345703,396.5774230957031,62.66261672973633,191.58999633789062
2024-01-31,166.18763732910156,386.7437744140625,61.41782760620117,187.2899932861328
2024-02-01,165.58717346191406,391.3433837890625,62.91516876220703,188.86000061035156
2024-02-02,166.540283203125,470.8551330566406,66.04261779785156,187.91000366210938
2024-02-05,166.3210906982422,455.4107666015625,69.208984375,181.05999755859375
2024-02-06,166.8929901123047,450.7615966796875,68.10195922851562,185.10000610351562
2024-02-07,167.20748901367188,465.5020751953125,69.9746322631836,187.5800018310547
2024-02-08,166.6070098876953,465.9085693359375,69.5174331665039,189.55999755859375
2024-02-09,166.80715942382812,464.0350036621094,72.00501251220703,193.57000732421875
2024-02-12,167.5506134033203,464.818115234375,72.11979675292969,188.1300048828125
2024-02-13,166.09231567382812,456.1145935058594,72.00001525878906,184.02000427246094
2024-02-14,167.7793731689453,469.1600341796875,73.76887512207031,188.7100067138672
2024-02-15,171.4393768310547,479.8164367675781,72.52908325195312,200.4499969482422
2024-02-16,170.6387481689453,469.19964599609375,72.48416137695312,199.9499969482422
2024-02-20,171.3059539794922,467.6434020996094,69.32878112792969,193.75999450683594
2024-02-21,172.4210968017578,464.4480285644531,67.35228729248047,194.77000427246094
2024-02-22,174.4894256591797,482.4094543457031,78.39866638183594,197.41000366210938
2024-02-23,175.36630249023438,480.3255310058594,78.67716217041016,191.97000122070312
2024-02-26,174.7658233642578,478.0531005859375,78.95167541503906,199.39999389648438
2024-02-27,174.85159301757812,483.3224182128906,78.56135559082031,199.72999572753906
2024-02-28,175.7379913330078,480.31561279296875,77.52519989013672,202.0399932861328
2024-02-29,177.33926391601562,486.37884521484375,78.97162628173828,201.8800048828125
2024-03-01,176.6053466796875,498.4557189941406,82.13301086425781,202.63999938964844
2024-03-04,177.93019104003906,494.3771667480469,85.08576202392578,188.13999938964844
2024-03-05,179.71253967285156,486.46820068359375,85.81550598144531,180.74000549316406
2024-03-06,180.6466064453125,492.2933044433594,88.5467758178711,176.5399932861328
2024-03-07,179.06442260742188,508.2700500488281,92.50892639160156,178.64999389648438
2024-03-08,179.39804077148438,502.07781982421875,87.37677764892578,175.33999633789062
2024-03-11,179.4647216796875,479.888916015625,85.62582397460938,177.77000427246094
2024-03-12,180.94207763671875,495.9252624511719,91.75422668457031,177.5399932861328
2024-03-13,182.40992736816406,491.7772521972656,90.73098754882812,169.47999572753906
2024-03-14,179.1597137451172,488.0658264160156,87.79207611083984,162.5
2024-03-15,181.38052368164062,480.3950500488281,87.68527221679688,163.57000732421875
2024-03-18,183.6299285888672,493.17645263671875,88.30218505859375,173.8000030517578
2024-03-19,184.70692443847656,492.44207763671875,89.24356079101562,171.32000732421875
2024-03-20,187.12791442871094,501.6510314941406,90.21588897705078,175.66000366210938
2024-03-21,189.72991943359375,503.8739318847656,91.27703094482422,172.82000732421875
2024-03-22,187.40431213378906,505.67999267578125,94.12611389160156,170.8300018310547
2024-03-25,185.6886749267578,499.17022705078125,94.83787536621094,172.6300048828125
2024-03-26,186.55599975585938,492.09478759765625,92.40109252929688,177.6699981689453
2024-03-27,190.16839599609375,490.080322265625,90.09410095214844,179.8300018310547
2024-03-28,190.91180419921875,481.8636779785156,90.19990539550781,175.7899932861328
2024-04-01,189.61557006835938,487.58953857421875,90.20689392089844,175.22000122070312
2024-04-02,189.539306640625,493.5634460449219,89.29747772216797,166.6300048828125
2024-04-03,189.0055694580078,502.8617248535156,88.81031036376953,168.3800048828125
2024-04-04,187.56752014160156,507.0097961425781,85.75659942626953,171.11000061035156
2024-04-05,189.2931671142578,523.3040771484375,87.8559799194336,164.89999389648438
2024-04-08,190.2805938720703,515.2760620117188,86.98248291015625,172.97999572753906
2024-04-09,189.0055694580078,512.9440307617188,85.20654296875,176.8800048828125
2024-04-10,187.3949737548828,515.8515625,86.88865661621094,171.75999450683594
2024-04-11,187.35659790039062,519.1560668945312,90.4594497680664,174.60000610351562
2024-04-12,175.23878479003906,507.9822082519531,88.03363800048828,171.0500030517578
2024-04-15,175.3346405029297,496.40155029296875,85.85242462158203,161.47999572753906
2024-04-16,173.3309783935547,495.9351806640625,87.26398468017578,157.11000061035156
2024-04-17,172.6407470703125,490.3879699707031,83.88983154296875,155.4499969482422
2024-04-18,173.7624053955078,497.95953369140625,84.52471923828125,149.92999267578125
2024-04-19,178.12445068359375,477.38818359375,76.06836700439453,147.0500030517578
2024-04-22,181.58529663085938,478.04315185546875,79.38063049316406,142.0500030517578
2024-04-23,184.20254516601562,492.30316162109375,82.28060150146484,144.67999267578125
2024-04-24,185.10369873046875,489.72308349609375,79.53936004638672,162.1300048828125
2024-04-25,185.3817138671875,438.00201416015625,82.48926544189453,170.17999267578125
2024-04-26,185.49679565429688,439.8973388671875,87.58345794677734,168.2899932861328
2024-04-29,185.29542541503906,429.30902099609375,87.60539245605469,194.0500030517578
2024-04-30,183.81906127929688,426.87774658203125,86.25273895263672,183.27999877929688
2024-05-01,183.93409729003906,435.8287658691406,82.89753723144531,179.99000549316406
2024-05-02,183.74237060546875,438.2996826171875,85.66876220703125,180.00999450683594
2024-05-03,182.63987731933594,448.5009765625,88.6356201171875,181.19000244140625
2024-05-06,184.0683135986328,462.1159362792969,91.98081970214844,184.75999450683594
2024-05-07,183.82861328125,464.6564025878906,90.39757537841797,177.80999755859375
2024-05-08,187.56752014160156,468.9830322265625,90.25581359863281,174.72000122070312
2024-05-09,189.3411102294922,471.781494140625,88.59367370605469,171.97000122070312
2024-05-10,190.5586395263672,472.55548095703125,89.72273254394531,168.47000122070312
2024-05-13,190.52029418945312,464.42816162109375,90.24283599853516,171.88999938964844
2024-05-14,193.18544006347656,468.2387390136719,91.19818115234375,177.5500030517578
2024-05-15,193.76063537597656,477.8545837402344,94.4665298461914,173.99000549316406
2024-05-16,194.10577392578125,469.60821533203125,94.19599914550781,174.83999633789062
2024-05-17,196.32994079589844,468.29833984375,92.31924438476562,177.4600067138672
2024-05-20,187.5004119873047,465.2518005371094,94.61626434326172,174.9499969482422
2024-05-21,191.2776641845703,461.0740661621094,95.22122192382812,186.60000610351562
2024-05-22,190.11764526367188,464.199951171875,94.78595733642578,180.11000061035156
2024-05-23,188.78506469726562,462.2152099609375,103.61969757080078,173.74000549316406
2024-05-24,192.4185028076172,474.5600280761719,106.28507232666016,179.24000549316406
2024-05-28,191.25848388671875,476.2470397949219,113.7042465209961,176.75
2024-05-29,189.9259033203125,470.7295227050781,114.62663269042969,176.19000244140625
2024-05-30,191.09552001953125,463.4754333496094,110.30911254882812,178.7899932861328
2024-05-31,194.25918579101562,463.25714111328125,109.44361114501953,178.0800018310547
2024-06-03,193.48263549804688,473.8356018066406,114.80133819580078,176.2899932861328
2024-06-04,190.9325408935547,473.33941650390625,116.23584747314453,174.77000427246094
2024-06-05,189.1110076904297,491.2711181640625,122.2284927368164,175.0
2024-06-06,188.77548217773438,489.9811096191406,120.78897857666016,177.94000244140625
2024-06-07,191.6898651123047,489.1871643066406,120.6791763305664,177.47999572753906
2024-06-10,191.36395263671875,498.75341796875,121.57959747314453,173.7899932861328
2024-06-11,186.33082580566406,503.5861511230469,120.71105194091797,170.66000366210938
2024-06-12,183.61773681640625,504.9456787109375,124.99398040771484,177.2899932861328
2024-06-13,185.65975952148438,500.2419738769531,129.396728515625,182.47000122070312
2024-06-14,185.7747802734375,500.7982177734375,131.66297912597656,178.00999450683594
2024-06-17,186.92518615722656,503.2516784667969,130.7644805908203,187.44000244140625
2024-06-18,188.86175537109375,496.15936279296875,135.35690307617188,184.86000061035156
2024-06-20,190.4627685546875,498.3546447753906,130.56478881835938,181.57000732421875
2024-06-21,188.19068908691406,491.4808044433594,126.36172485351562,183.00999450683594
2024-06-24,190.6641082763672,495.583251953125,117.91564178466797,182.5800018310547
2024-06-25,189.88755798339844,507.1953125,125.88251495361328,187.35000610351562
2024-06-26,189.2739715576172,509.69842529296875,126.19200897216797,196.3699951171875
2024-06-27,190.94212341308594,516.0955200195312,123.78597259521484,197.4199981689453
2024-06-28,193.9044647216797,500.8577880859375,123.33672332763672,197.8800048828125
2024-07-01,196.96267700195312,501.3147277832031,124.09547424316406,209.86000061035156
2024-07-02,200.20306396484375,506.10260009765625,122.4681396484375,231.25999450683594
2024-07-03,200.06881713867188,506.5595703125,128.0689239501953,246.38999938964844
2024-07-05,197.41781616210938,536.309814453125,125.6229476928711,251.52000427246094
2024-07-08,197.7841339111328,525.7904052734375,127.98902893066406,252.94000244140625
2024-07-09,200.1555938720703,526.4658813476562,131.163818359375,262.3299865722656
2024-07-10,200.31947326660156,531.1246948242188,134.68800354003906,263.260009765625
2024-07-11,199.98207092285156,509.2812805175781,127.19037628173828,241.02999877929688
2024-07-12,197.5624237060547,495.5434875488281,129.02734375,248.22999572753906
2024-07-15,202.4884796142578,492.8515930175781,128.22865295410156,252.63999938964844
2024-07-16,205.92996215820312,486.5240173339844,126.15206909179688,256.55999755859375
2024-07-17,209.06295776367188,458.9093933105469,117.79583740234375,248.5
2024-07-18,202.42098999023438,472.677001953125,120.89073181152344,249.22999572753906
2024-07-19,202.2281951904297,473.6107482910156,117.73595428466797,239.1999969482422
2024-07-22,202.71022033691406,484.14996337890625,123.33672332763672,251.50999450683594
2024-07-23,202.75839233398438,485.4313659667969,122.38827514648438,246.3800048828125
2024-07-24,201.08102416992188,458.1941833496094,114.06199645996094,215.99000549316406
2024-07-25,201.15814208984375,450.38665771484375,112.0952377319336,220.25
2024-07-26,204.5996551513672,462.59466552734375,112.87395477294922,219.8000030517578
2024-07-29,203.25967407226562,462.6046142578125,111.40638732910156,232.10000610351562
2024-07-30,207.44345092773438,460.1014099121094,103.55931091308594,222.6199951171875
2024-07-31,205.1394805908203,471.6637878417969,116.82743072509766,232.07000732421875
2024-08-01,200.4737091064453,494.4210205078125,109.03028106689453,216.86000061035156
2024-08-02,191.97122192382812,484.8850402832031,107.09347534179688,207.6699981689453
2024-08-05,187.88385009765625,472.5578308105469,100.28471374511719,198.8800048828125
2024-08-06,193.12803649902344,490.79541015625,104.07846069335938,200.63999938964844
2024-08-07,193.18585205078125,485.65985107421875,98.74724578857422,191.75999450683594
2024-08-08,196.714111328125,506.23175048828125,104.79727172851562,198.83999633789062
2024-08-09,198.39144897460938,514.3174438476562,104.57763671875,200.0
2024-08-12,198.76744079589844,512.5096435546875,108.84060668945312,197.49000549316406
2024-08-13,200.4544219970703,525.0155639648438,115.94889068603516,207.8300018310547
2024-08-14,202.671630859375,523.2474975585938,117.88571166992188,201.3800048828125
2024-08-15,203.93447875976562,533.7471313476562,122.65782928466797,214.13999938964844
2024-08-16,206.26736450195312,523.9031372070312,124.37500762939453,216.1199951171875
2024-08-19,207.694091796875,525.750732421875,129.7860870361328,222.72000122070312
2024-08-20,206.7975616455078,523.2176513671875,127.04060363769531,221.10000610351562
2024-08-21,206.8746795654297,531.5914916992188,128.28855895996094,223.27000427246094
2024-08-22,208.83160400390625,528.383056640625,123.53639221191406,210.66000366210938
2024-08-23,210.4511260986328,524.479248046875,129.15711975097656,220.32000732421875
2024-08-26,211.28016662597656,517.6451416015625,126.25189971923828,213.2100067138672
2024-08-27,212.25379943847656,515.6384887695312,128.08889770507812,209.2100067138672
2024-08-28,213.3238525390625,513.3341064453125,125.40331268310547,205.75
2024-08-29,214.2107391357422,514.7644653320312,117.39649200439453,206.27999877929688
2024-08-30,216.70750427246094,517.8338623046875,119.173583984375,214.11000061035156
2024-09-03,212.36949157714844,508.3475341796875,107.8222885131836,210.60000610351562
2024-09-04,211.43441772460938,509.32098388671875,106.03524017333984,219.41000366210938
2024-09-05,209.7956085205078,513.4135131835938,107.03358459472656,230.1699981689453
2024-09-06,204.8117218017578,496.9341125488281,102.66079711914062,210.72999572753906
2024-09-09,209.00514221191406,501.4240417480469,106.2947998046875,216.27000427246094
2024-09-10,198.1601104736328,501.4240417480469,107.92211151123047,226.1699981689453
2024-09-11,199.76998901367188,508.41705322265625,116.71762084960938,228.1300048828125
2024-09-12,199.1626739501953,522.09521484375,118.95413208007812,229.80999755859375
2024-09-13,196.9647674560547,521.121826171875,118.9141845703125,230.2899932861328
2024-09-16,200.37730407714844,530.2294311523438,116.59780883789062,226.77999877929688
2024-09-17,201.71728515625,533.251953125,115.40966033935547,227.8699951171875
2024-09-18,200.05918884277344,534.8726806640625,113.19312286376953,227.1999969482422
2024-09-19,202.90298461914062,555.9016723632812,117.68611907958984,243.9199981689453
2024-09-20,203.4910430908203,558.1387939453125,115.81903839111328,238.25
2024-09-23,203.8284454345703,561.1812744140625,116.07861328125,250.0
2024-09-24,203.97303771972656,560.1075439453125,120.68143463134766,254.27000427246094
2024-09-25,202.62342834472656,565.0589599609375,123.31731414794922,257.0199890136719
2024-09-26,202.2281951904297,564.5916748046875,123.84648132324219,254.22000122070312
2024-09-27,202.9222869873047,564.114501953125,121.21060180664062,260.4599914550781
2024-09-30,203.26931762695312,569.1654052734375,121.25054931640625,261.6300048828125
2024-10-01,199.58682250976562,573.17236328125,116.81746673583984,258.0199890136719
2024-10-02,199.82785034179688,569.5332641601562,118.66458129882812,249.02000427246094
2024-10-03,197.8419952392578,579.4363403320312,122.65834045410156,240.66000366210938
2024-10-04,204.8641357421875,592.5309448242188,124.72510528564453,250.0800018310547
2024-10-07,204.5828399658203,581.434814453125,127.52073669433594,240.8300018310547
2024-10-08,204.40829467773438,589.49853515625,132.68267822265625,244.5
2024-10-09,206.9979248046875,587.1320190429688,132.4430694580078,241.0500030517578
2024-10-10,206.43536376953125,580.4901733398438,134.59970092773438,238.77000427246094
2024-10-11,215.6009979248047,586.5752563476562,134.5897216796875,217.8000030517578
2024-10-14,214.8153839111328,587.0425415039062,137.85459899902344,219.16000366210938
2024-10-15,215.697998046875,582.9163208007812,131.39468383789062,219.57000732421875
2024-10-16,216.910400390625,573.490478515625,135.5082550048828,221.3300018310547
2024-10-17,217.6669158935547,573.629638671875,136.71636962890625,220.88999938964844
2024-10-18,218.5883331298828,573.17236328125,137.7847137451172,220.6999969482422
2024-10-21,216.28964233398438,571.8698120117188,143.48580932617188,218.85000610351562
2024-10-22,217.3759307861328,578.6806030273438,143.365966796875,217.97000122070312
2024-10-23,216.68731689453125,560.4653930664062,139.34228515625,213.64999389648438
2024-10-24,218.21006774902344,564.531982421875,140.1909637451172,260.4800109863281
2024-10-25,215.6204071044922,569.9707641601562,141.31918334960938,269.19000244140625
2024-10-28,218.71441650390625,574.8527221679688,140.30076599121094,262.510009765625
2024-10-29,216.19264221191406,589.88623046875,141.02964782714844,259.5199890136719
2024-10-30,217.65721130371094,588.4146728515625,139.1226043701172,257.54998779296875
2024-10-31,215.2421417236328,564.333251953125,132.55287170410156,249.85000610351562
2024-11-01,216.23146057128906,563.9155883789062,135.18875122070312,248.97999572753906
2024-11-04,213.1665496826172,557.4727172851562,135.83773803710938,242.83999633789062
2024-11-05,214.8250732421875,569.1554565429688,139.6917266845703,251.44000244140625
2024-11-06,239.6256561279297,568.777587890625,145.38282775878906,288.5299987792969
2024-11-07,229.26702880859375,588.3152465820312,148.64773559570312,296.9100036621094
2024-11-08,229.84896850585938,585.9686279296875,147.39967346191406,321.2200012207031
2024-11-11,232.08944702148438,579.8340454101562,145.0334014892578,350.0
2024-11-12,232.35133361816406,581.4745483398438,148.05865478515625,328.489990234375
2024-11-13,233.9031982421875,576.6821899414062,146.04180908203125,330.239990234375
2024-11-14,234.59182739257812,573.8583374023438,146.53102111816406,311.17999267578125
2024-11-15,237.92831420898438,550.9104614257812,141.7584991455078,320.7200012207031
2024-11-18,237.65673828125,551.2286376953125,139.9313507080078,338.739990234375
2024-11-19,235.7751007080078,557.8803100585938,146.7806396484375,346.0
2024-11-20,233.5346221923828,562.2849731445312,145.6623992919922,342.0299987792969
2024-11-21,237.39486694335938,559.8688354492188,146.44117736816406,339.6400146484375
2024-11-22,241.07081604003906,555.9414672851562,141.72854614257812,352.55999755859375
2024-11-25,242.7584686279297,561.8773193359375,135.8077850341797,338.5899963378906
2024-11-26,242.44808959960938,570.2590942382812,136.70639038085938,338.2300109863281
2024-11-27,242.27349853515625,565.9439086914062,135.12887573242188,332.8900146484375
2024-11-29,242.2056121826172,571.0346069335938,138.0343017578125,345.1600036621094
2024-12-02,238.84002685546875,589.4388427734375,138.4137420654297,357.0899963378906
2024-12-03,237.45306396484375,610.1396484375,140.04116821289062,351.4200134277344
2024-12-04,236.07577514648438,610.2689208984375,144.91354370117188,357.92999267578125
2024-12-05,238.09320068359375,605.4467163085938,144.8436737060547,369.489990234375
2024-12-06,239.91664123535156,620.2017822265625,142.2275848388672,389.2200012207031
2024-12-09,236.4734649658203,610.0601806640625,138.6029815673828,389.7900085449219
2024-12-10,235.55203247070312,615.7771606445312,134.86859130859375,400.989990234375
2024-12-11,236.20187377929688,629.060791015625,139.1022491455078,424.7699890136719
2024-12-12,234.26206970214844,627.1815795898438,137.13519287109375,418.1000061035156
2024-12-13,232.7198944091797,616.80126953125,134.0498046875,436.2300109863281
2024-12-16,232.3707275390625,621.1696166992188,131.80313110351562,463.0199890136719
2024-12-17,231.18743896484375,616.393310546875,130.19554138183594,479.8599853515625
2024-12-18,223.43788146972656,594.252685546875,128.71774291992188,440.1300048828125
2024-12-19,225.94993591308594,592.6407470703125,130.485107421875,436.1700134277344
2024-12-20,230.4503173828125,582.3715209960938,134.49911499023438,421.05999755859375
2024-12-23,231.216552734375,596.899658203125,139.46170043945312,430.6000061035156
2024-12-24,235.0186004638672,604.7608642578125,140.01089477539062,462.2799987792969
2024-12-26,235.82362365722656,600.3823852539062,139.7213134765625,454.1300048828125
2024-12-27,233.91287231445312,596.85986328125,136.8056640625,431.6600036621094
2024-12-30,232.1185760498047,588.33203125,137.2849578857422,417.4100036621094
2024-12-31,232.496826171875,582.6302490234375,134.08973693847656,403.8399963378906
